score_type,tier,regime,attack_pct,k,n_targeted,n_attacked,restoration_rate,asr_after
Score 1,structural,aggressive,10,1,205,205,0.0,1.0
Score 1,structural,aggressive,10,2,205,205,0.0,1.0
Score 1,structural,aggressive,10,3,205,205,0.0,1.0
Score 1,structural,aggressive,10,5,205,205,0.0,1.0
Score 1,structural,aggressive,10,10,205,205,0.0,1.0
Score 1,structural,aggressive,10,15,205,205,0.0,1.0
Score 1,structural,aggressive,10,20,205,205,0.0,1.0
Score 1,structural,aggressive,10,30,205,205,0.0,1.0
Score 1,structural,aggressive,10,40,205,205,0.0,1.0
Score 1,structural,aggressive,10,50,205,205,0.0,1.0
Score 1,structural,aggressive,10,57,205,205,0.0,1.0
Score 1,structural,stealthy,10,1,205,62,0.04838709677419355,0.9516129032258065
Score 1,structural,stealthy,10,2,205,62,0.04838709677419355,0.9516129032258065
Score 1,structural,stealthy,10,3,205,62,0.0,1.0
Score 1,structural,stealthy,10,5,205,62,0.0,1.0
Score 1,structural,stealthy,10,10,205,62,0.0,1.0
Score 1,structural,stealthy,10,15,205,62,0.0,1.0
Score 1,structural,stealthy,10,20,205,62,0.0,1.0
Score 1,structural,stealthy,10,30,205,62,0.0,1.0
Score 1,structural,stealthy,10,40,205,62,0.0,1.0
Score 1,structural,stealthy,10,50,205,62,0.0,1.0
Score 1,structural,stealthy,10,57,205,62,0.0,1.0
Score 1,noisy,aggressive,10,1,205,205,0.33658536585365856,0.6634146341463414
Score 1,noisy,aggressive,10,2,205,205,0.2926829268292683,0.7073170731707317
Score 1,noisy,aggressive,10,3,205,205,0.0,1.0
Score 1,noisy,aggressive,10,5,205,205,0.0,1.0
Score 1,noisy,aggressive,10,10,205,205,0.0,1.0
Score 1,noisy,aggressive,10,15,205,205,0.0,1.0
Score 1,noisy,aggressive,10,20,205,205,0.0,1.0
Score 1,noisy,aggressive,10,30,205,205,0.0,1.0
Score 1,noisy,aggressive,10,40,205,205,0.0,1.0
Score 1,noisy,aggressive,10,50,205,205,0.0,1.0
Score 1,noisy,aggressive,10,57,205,205,0.0,1.0
Score 1,noisy,stealthy,10,1,205,171,0.40350877192982454,0.5964912280701755
Score 1,noisy,stealthy,10,2,205,171,0.3742690058479532,0.6257309941520468
Score 1,noisy,stealthy,10,3,205,171,0.5847953216374269,0.41520467836257313
Score 1,noisy,stealthy,10,5,205,171,0.1286549707602339,0.8713450292397661
Score 1,noisy,stealthy,10,10,205,171,0.1286549707602339,0.8713450292397661
Score 1,noisy,stealthy,10,15,205,171,0.11695906432748537,0.8830409356725146
Score 1,noisy,stealthy,10,20,205,171,0.10526315789473684,0.8947368421052632
Score 1,noisy,stealthy,10,30,205,171,0.08187134502923976,0.9181286549707602
Score 1,noisy,stealthy,10,40,205,171,0.03508771929824561,0.9649122807017544
Score 1,noisy,stealthy,10,50,205,171,0.017543859649122806,0.9824561403508771
Score 1,noisy,stealthy,10,57,205,171,0.0,1.0
Score 1,structural,aggressive,20,1,411,411,0.0,1.0
Score 1,structural,aggressive,20,2,411,411,0.0,1.0
Score 1,structural,aggressive,20,3,411,411,0.0,1.0
Score 1,structural,aggressive,20,5,411,411,0.0,1.0
Score 1,structural,aggressive,20,10,411,411,0.0,1.0
Score 1,structural,aggressive,20,15,411,411,0.0,1.0
Score 1,structural,aggressive,20,20,411,411,0.0,1.0
Score 1,structural,aggressive,20,30,411,411,0.0,1.0
Score 1,structural,aggressive,20,40,411,411,0.0,1.0
Score 1,structural,aggressive,20,50,411,411,0.0,1.0
Score 1,structural,aggressive,20,57,411,411,0.0,1.0
Score 1,structural,stealthy,20,1,411,173,0.12138728323699421,0.8786127167630058
Score 1,structural,stealthy,20,2,411,173,0.12138728323699421,0.8786127167630058
Score 1,structural,stealthy,20,3,411,173,0.005780346820809248,0.9942196531791907
Score 1,structural,stealthy,20,5,411,173,0.0,1.0
Score 1,structural,stealthy,20,10,411,173,0.0,1.0
Score 1,structural,stealthy,20,15,411,173,0.0,1.0
Score 1,structural,stealthy,20,20,411,173,0.0,1.0
Score 1,structural,stealthy,20,30,411,173,0.0,1.0
Score 1,structural,stealthy,20,40,411,173,0.0,1.0
Score 1,structural,stealthy,20,50,411,173,0.0,1.0
Score 1,structural,stealthy,20,57,411,173,0.0,1.0
Score 1,noisy,aggressive,20,1,411,411,0.2798053527980535,0.7201946472019465
Score 1,noisy,aggressive,20,2,411,411,0.1897810218978102,0.8102189781021898
Score 1,noisy,aggressive,20,3,411,411,0.0,1.0
Score 1,noisy,aggressive,20,5,411,411,0.0,1.0
Score 1,noisy,aggressive,20,10,411,411,0.0,1.0
Score 1,noisy,aggressive,20,15,411,411,0.0,1.0
Score 1,noisy,aggressive,20,20,411,411,0.0,1.0
Score 1,noisy,aggressive,20,30,411,411,0.0,1.0
Score 1,noisy,aggressive,20,40,411,411,0.0,1.0
Score 1,noisy,aggressive,20,50,411,411,0.0,1.0
Score 1,noisy,aggressive,20,57,411,411,0.0,1.0
Score 1,noisy,stealthy,20,1,411,345,0.336231884057971,0.663768115942029
Score 1,noisy,stealthy,20,2,411,345,0.4956521739130435,0.5043478260869565
Score 1,noisy,stealthy,20,3,411,345,0.2289855072463768,0.7710144927536232
Score 1,noisy,stealthy,20,5,411,345,0.12753623188405797,0.8724637681159421
Score 1,noisy,stealthy,20,10,411,345,0.18840579710144928,0.8115942028985508
Score 1,noisy,stealthy,20,15,411,345,0.18840579710144928,0.8115942028985508
Score 1,noisy,stealthy,20,20,411,345,0.17101449275362318,0.8289855072463768
Score 1,noisy,stealthy,20,30,411,345,0.1681159420289855,0.8318840579710145
Score 1,noisy,stealthy,20,40,411,345,0.03188405797101449,0.9681159420289855
Score 1,noisy,stealthy,20,50,411,345,0.014492753623188406,0.9855072463768116
Score 1,noisy,stealthy,20,57,411,345,0.0,1.0
Score 1,structural,aggressive,30,1,617,617,0.03727714748784441,0.9627228525121556
Score 1,structural,aggressive,30,2,617,617,0.0,1.0
Score 1,structural,aggressive,30,3,617,617,0.0,1.0
Score 1,structural,aggressive,30,5,617,617,0.0,1.0
Score 1,structural,aggressive,30,10,617,617,0.0,1.0
Score 1,structural,aggressive,30,15,617,617,0.0,1.0
Score 1,structural,aggressive,30,20,617,617,0.0,1.0
Score 1,structural,aggressive,30,30,617,617,0.0,1.0
Score 1,structural,aggressive,30,40,617,617,0.0,1.0
Score 1,structural,aggressive,30,50,617,617,0.0,1.0
Score 1,structural,aggressive,30,57,617,617,0.0,1.0
Score 1,structural,stealthy,30,1,617,322,0.30434782608695654,0.6956521739130435
Score 1,structural,stealthy,30,2,617,322,0.30434782608695654,0.6956521739130435
Score 1,structural,stealthy,30,3,617,322,0.0,1.0
Score 1,structural,stealthy,30,5,617,322,0.003105590062111801,0.9968944099378882
Score 1,structural,stealthy,30,10,617,322,0.003105590062111801,0.9968944099378882
Score 1,structural,stealthy,30,15,617,322,0.0,1.0
Score 1,structural,stealthy,30,20,617,322,0.0,1.0
Score 1,structural,stealthy,30,30,617,322,0.0,1.0
Score 1,structural,stealthy,30,40,617,322,0.0,1.0
Score 1,structural,stealthy,30,50,617,322,0.0,1.0
Score 1,structural,stealthy,30,57,617,322,0.0,1.0
Score 1,noisy,aggressive,30,1,617,617,0.3338735818476499,0.6661264181523501
Score 1,noisy,aggressive,30,2,617,617,0.02593192868719611,0.9740680713128039
Score 1,noisy,aggressive,30,3,617,617,0.0,1.0
Score 1,noisy,aggressive,30,5,617,617,0.0,1.0
Score 1,noisy,aggressive,30,10,617,617,0.0,1.0
Score 1,noisy,aggressive,30,15,617,617,0.0,1.0
Score 1,noisy,aggressive,30,20,617,617,0.0,1.0
Score 1,noisy,aggressive,30,30,617,617,0.0,1.0
Score 1,noisy,aggressive,30,40,617,617,0.0,1.0
Score 1,noisy,aggressive,30,50,617,617,0.0,1.0
Score 1,noisy,aggressive,30,57,617,617,0.0,1.0
Score 1,noisy,stealthy,30,1,617,524,0.3988549618320611,0.6011450381679388
Score 1,noisy,stealthy,30,2,617,524,0.37786259541984735,0.6221374045801527
Score 1,noisy,stealthy,30,3,617,524,0.0916030534351145,0.9083969465648855
Score 1,noisy,stealthy,30,5,617,524,0.07633587786259542,0.9236641221374046
Score 1,noisy,stealthy,30,10,617,524,0.1183206106870229,0.8816793893129771
Score 1,noisy,stealthy,30,15,617,524,0.13358778625954199,0.866412213740458
Score 1,noisy,stealthy,30,20,617,524,0.12213740458015267,0.8778625954198473
Score 1,noisy,stealthy,30,30,617,524,0.10877862595419847,0.8912213740458015
Score 1,noisy,stealthy,30,40,617,524,0.022900763358778626,0.9770992366412213
Score 1,noisy,stealthy,30,50,617,524,0.009541984732824428,0.9904580152671756
Score 1,noisy,stealthy,30,57,617,524,0.0,1.0
Score 1,structural,aggressive,40,1,822,822,0.11435523114355231,0.8856447688564477
Score 1,structural,aggressive,40,2,822,822,0.0,1.0
Score 1,structural,aggressive,40,3,822,822,0.0,1.0
Score 1,structural,aggressive,40,5,822,822,0.0,1.0
Score 1,structural,aggressive,40,10,822,822,0.0,1.0
Score 1,structural,aggressive,40,15,822,822,0.0,1.0
Score 1,structural,aggressive,40,20,822,822,0.0,1.0
Score 1,structural,aggressive,40,30,822,822,0.0,1.0
Score 1,structural,aggressive,40,40,822,822,0.0,1.0
Score 1,structural,aggressive,40,50,822,822,0.0,1.0
Score 1,structural,aggressive,40,57,822,822,0.0,1.0
Score 1,structural,stealthy,40,1,822,487,0.406570841889117,0.593429158110883
Score 1,structural,stealthy,40,2,822,487,0.0,1.0
Score 1,structural,stealthy,40,3,822,487,0.0,1.0
Score 1,structural,stealthy,40,5,822,487,0.0,1.0
Score 1,structural,stealthy,40,10,822,487,0.0,1.0
Score 1,structural,stealthy,40,15,822,487,0.0,1.0
Score 1,structural,stealthy,40,20,822,487,0.0,1.0
Score 1,structural,stealthy,40,30,822,487,0.0,1.0
Score 1,structural,stealthy,40,40,822,487,0.0,1.0
Score 1,structural,stealthy,40,50,822,487,0.0,1.0
Score 1,structural,stealthy,40,57,822,487,0.0,1.0
Score 1,noisy,aggressive,40,1,822,822,0.3686131386861314,0.6313868613138687
Score 1,noisy,aggressive,40,2,822,822,0.0012165450121654502,0.9987834549878345
Score 1,noisy,aggressive,40,3,822,822,0.0,1.0
Score 1,noisy,aggressive,40,5,822,822,0.0,1.0
Score 1,noisy,aggressive,40,10,822,822,0.0,1.0
Score 1,noisy,aggressive,40,15,822,822,0.0,1.0
Score 1,noisy,aggressive,40,20,822,822,0.0,1.0
Score 1,noisy,aggressive,40,30,822,822,0.0,1.0
Score 1,noisy,aggressive,40,40,822,822,0.0,1.0
Score 1,noisy,aggressive,40,50,822,822,0.0,1.0
Score 1,noisy,aggressive,40,57,822,822,0.0,1.0
Score 1,noisy,stealthy,40,1,822,698,0.4369627507163324,0.5630372492836676
Score 1,noisy,stealthy,40,2,822,698,0.19197707736389685,0.8080229226361031
Score 1,noisy,stealthy,40,3,822,698,0.06876790830945559,0.9312320916905444
Score 1,noisy,stealthy,40,5,822,698,0.050143266475644696,0.9498567335243553
Score 1,noisy,stealthy,40,10,822,698,0.08452722063037249,0.9154727793696276
Score 1,noisy,stealthy,40,15,822,698,0.1017191977077364,0.8982808022922636
Score 1,noisy,stealthy,40,20,822,698,0.09455587392550144,0.9054441260744985
Score 1,noisy,stealthy,40,30,822,698,0.08452722063037249,0.9154727793696276
Score 1,noisy,stealthy,40,40,822,698,0.017191977077363897,0.9828080229226361
Score 1,noisy,stealthy,40,50,822,698,0.0071633237822349575,0.9928366762177651
Score 1,noisy,stealthy,40,57,822,698,0.0,1.0
Score 1,structural,aggressive,50,1,1028,1028,0.18385214007782102,0.816147859922179
Score 1,structural,aggressive,50,2,1028,1028,0.0,1.0
Score 1,structural,aggressive,50,3,1028,1028,0.0,1.0
Score 1,structural,aggressive,50,5,1028,1028,0.0,1.0
Score 1,structural,aggressive,50,10,1028,1028,0.0,1.0
Score 1,structural,aggressive,50,15,1028,1028,0.0,1.0
Score 1,structural,aggressive,50,20,1028,1028,0.0,1.0
Score 1,structural,aggressive,50,30,1028,1028,0.0,1.0
Score 1,structural,aggressive,50,40,1028,1028,0.0,1.0
Score 1,structural,aggressive,50,50,1028,1028,0.0,1.0
Score 1,structural,aggressive,50,57,1028,1028,0.0,1.0
Score 1,structural,stealthy,50,1,1028,656,0.3246951219512195,0.6753048780487805
Score 1,structural,stealthy,50,2,1028,656,0.0,1.0
Score 1,structural,stealthy,50,3,1028,656,0.0,1.0
Score 1,structural,stealthy,50,5,1028,656,0.003048780487804878,0.9969512195121951
Score 1,structural,stealthy,50,10,1028,656,0.0,1.0
Score 1,structural,stealthy,50,15,1028,656,0.0,1.0
Score 1,structural,stealthy,50,20,1028,656,0.0,1.0
Score 1,structural,stealthy,50,30,1028,656,0.0,1.0
Score 1,structural,stealthy,50,40,1028,656,0.0,1.0
Score 1,structural,stealthy,50,50,1028,656,0.0,1.0
Score 1,structural,stealthy,50,57,1028,656,0.0,1.0
Score 1,noisy,aggressive,50,1,1028,1028,0.3939688715953307,0.6060311284046693
Score 1,noisy,aggressive,50,2,1028,1028,0.0,1.0
Score 1,noisy,aggressive,50,3,1028,1028,0.0,1.0
Score 1,noisy,aggressive,50,5,1028,1028,0.0,1.0
Score 1,noisy,aggressive,50,10,1028,1028,0.0,1.0
Score 1,noisy,aggressive,50,15,1028,1028,0.0,1.0
Score 1,noisy,aggressive,50,20,1028,1028,0.0,1.0
Score 1,noisy,aggressive,50,30,1028,1028,0.0,1.0
Score 1,noisy,aggressive,50,40,1028,1028,0.0,1.0
Score 1,noisy,aggressive,50,50,1028,1028,0.0,1.0
Score 1,noisy,aggressive,50,57,1028,1028,0.0,1.0
Score 1,noisy,stealthy,50,1,1028,862,0.45359628770301624,0.5464037122969838
Score 1,noisy,stealthy,50,2,1028,862,0.004640371229698376,0.9953596287703016
Score 1,noisy,stealthy,50,3,1028,862,0.04176334106728538,0.9582366589327146
Score 1,noisy,stealthy,50,5,1028,862,0.013921113689095127,0.9860788863109049
Score 1,noisy,stealthy,50,10,1028,862,0.06264501160092807,0.9373549883990719
Score 1,noisy,stealthy,50,15,1028,862,0.0765661252900232,0.9234338747099768
Score 1,noisy,stealthy,50,20,1028,862,0.07192575406032482,0.9280742459396751
Score 1,noisy,stealthy,50,30,1028,862,0.06612529002320186,0.9338747099767981
Score 1,noisy,stealthy,50,40,1028,862,0.015081206496519721,0.9849187935034803
Score 1,noisy,stealthy,50,50,1028,862,0.00580046403712297,0.994199535962877
Score 1,noisy,stealthy,50,57,1028,862,0.0,1.0
Score 1,structural,aggressive,60,1,1234,1234,0.23014586709886548,0.7698541329011346
Score 1,structural,aggressive,60,2,1234,1234,0.0,1.0
Score 1,structural,aggressive,60,3,1234,1234,0.0,1.0
Score 1,structural,aggressive,60,5,1234,1234,0.0,1.0
Score 1,structural,aggressive,60,10,1234,1234,0.0,1.0
Score 1,structural,aggressive,60,15,1234,1234,0.0,1.0
Score 1,structural,aggressive,60,20,1234,1234,0.0,1.0
Score 1,structural,aggressive,60,30,1234,1234,0.0,1.0
Score 1,structural,aggressive,60,40,1234,1234,0.0,1.0
Score 1,structural,aggressive,60,50,1234,1234,0.0,1.0
Score 1,structural,aggressive,60,57,1234,1234,0.0,1.0
Score 1,structural,stealthy,60,1,1234,820,0.35609756097560974,0.6439024390243903
Score 1,structural,stealthy,60,2,1234,820,0.0012195121951219512,0.998780487804878
Score 1,structural,stealthy,60,3,1234,820,0.0024390243902439024,0.9975609756097561
Score 1,structural,stealthy,60,5,1234,820,0.00853658536585366,0.9914634146341463
Score 1,structural,stealthy,60,10,1234,820,0.0012195121951219512,0.998780487804878
Score 1,structural,stealthy,60,15,1234,820,0.0012195121951219512,0.998780487804878
Score 1,structural,stealthy,60,20,1234,820,0.0012195121951219512,0.998780487804878
Score 1,structural,stealthy,60,30,1234,820,0.0012195121951219512,0.998780487804878
Score 1,structural,stealthy,60,40,1234,820,0.0012195121951219512,0.998780487804878
Score 1,structural,stealthy,60,50,1234,820,0.0,1.0
Score 1,structural,stealthy,60,57,1234,820,0.0,1.0
Score 1,noisy,aggressive,60,1,1234,1234,0.40842787682333875,0.5915721231766613
Score 1,noisy,aggressive,60,2,1234,1234,0.0,1.0
Score 1,noisy,aggressive,60,3,1234,1234,0.0,1.0
Score 1,noisy,aggressive,60,5,1234,1234,0.0,1.0
Score 1,noisy,aggressive,60,10,1234,1234,0.0,1.0
Score 1,noisy,aggressive,60,15,1234,1234,0.0,1.0
Score 1,noisy,aggressive,60,20,1234,1234,0.0,1.0
Score 1,noisy,aggressive,60,30,1234,1234,0.0,1.0
Score 1,noisy,aggressive,60,40,1234,1234,0.0,1.0
Score 1,noisy,aggressive,60,50,1234,1234,0.0,1.0
Score 1,noisy,aggressive,60,57,1234,1234,0.0,1.0
Score 1,noisy,stealthy,60,1,1234,1031,0.46750727449078566,0.5324927255092143
Score 1,noisy,stealthy,60,2,1234,1031,0.0038797284190106693,0.9961202715809894
Score 1,noisy,stealthy,60,3,1234,1031,0.014548981571290009,0.98545101842871
Score 1,noisy,stealthy,60,5,1234,1031,0.009699321047526674,0.9903006789524733
Score 1,noisy,stealthy,60,10,1234,1031,0.0533462657613967,0.9466537342386033
Score 1,noisy,stealthy,60,15,1234,1031,0.06401551891367604,0.9359844810863239
Score 1,noisy,stealthy,60,20,1234,1031,0.05916585838991271,0.9408341416100873
Score 1,noisy,stealthy,60,30,1234,1031,0.055286129970902036,0.944713870029098
Score 1,noisy,stealthy,60,40,1234,1031,0.012609117361784675,0.9873908826382153
Score 1,noisy,stealthy,60,50,1234,1031,0.0038797284190106693,0.9961202715809894
Score 1,noisy,stealthy,60,57,1234,1031,0.0,1.0
Score 1,structural,aggressive,70,1,1439,1439,0.2599027102154274,0.7400972897845726
Score 1,structural,aggressive,70,2,1439,1439,0.0,1.0
Score 1,structural,aggressive,70,3,1439,1439,0.0,1.0
Score 1,structural,aggressive,70,5,1439,1439,0.0,1.0
Score 1,structural,aggressive,70,10,1439,1439,0.0,1.0
Score 1,structural,aggressive,70,15,1439,1439,0.0,1.0
Score 1,structural,aggressive,70,20,1439,1439,0.0,1.0
Score 1,structural,aggressive,70,30,1439,1439,0.0,1.0
Score 1,structural,aggressive,70,40,1439,1439,0.0,1.0
Score 1,structural,aggressive,70,50,1439,1439,0.0,1.0
Score 1,structural,aggressive,70,57,1439,1439,0.0,1.0
Score 1,structural,stealthy,70,1,1439,994,0.36016096579476864,0.6398390342052314
Score 1,structural,stealthy,70,2,1439,994,0.0030181086519114686,0.9969818913480886
Score 1,structural,stealthy,70,3,1439,994,0.004024144869215292,0.9959758551307847
Score 1,structural,stealthy,70,5,1439,994,0.01710261569416499,0.9828973843058351
Score 1,structural,stealthy,70,10,1439,994,0.004024144869215292,0.9959758551307847
Score 1,structural,stealthy,70,15,1439,994,0.004024144869215292,0.9959758551307847
Score 1,structural,stealthy,70,20,1439,994,0.004024144869215292,0.9959758551307847
Score 1,structural,stealthy,70,30,1439,994,0.0030181086519114686,0.9969818913480886
Score 1,structural,stealthy,70,40,1439,994,0.0030181086519114686,0.9969818913480886
Score 1,structural,stealthy,70,50,1439,994,0.0,1.0
Score 1,structural,stealthy,70,57,1439,994,0.0,1.0
Score 1,noisy,aggressive,70,1,1439,1439,0.40931202223766505,0.590687977762335
Score 1,noisy,aggressive,70,2,1439,1439,0.0,1.0
Score 1,noisy,aggressive,70,3,1439,1439,0.0,1.0
Score 1,noisy,aggressive,70,5,1439,1439,0.0,1.0
Score 1,noisy,aggressive,70,10,1439,1439,0.0,1.0
Score 1,noisy,aggressive,70,15,1439,1439,0.0,1.0
Score 1,noisy,aggressive,70,20,1439,1439,0.0,1.0
Score 1,noisy,aggressive,70,30,1439,1439,0.0,1.0
Score 1,noisy,aggressive,70,40,1439,1439,0.0,1.0
Score 1,noisy,aggressive,70,50,1439,1439,0.0,1.0
Score 1,noisy,aggressive,70,57,1439,1439,0.0,1.0
Score 1,noisy,stealthy,70,1,1439,1196,0.46070234113712377,0.5392976588628762
Score 1,noisy,stealthy,70,2,1439,1196,0.0033444816053511705,0.9966555183946488
Score 1,noisy,stealthy,70,3,1439,1196,0.010869565217391304,0.9891304347826086
Score 1,noisy,stealthy,70,5,1439,1196,0.006688963210702341,0.9933110367892977
Score 1,noisy,stealthy,70,10,1439,1196,0.04598662207357859,0.9540133779264214
Score 1,noisy,stealthy,70,15,1439,1196,0.05434782608695652,0.9456521739130435
Score 1,noisy,stealthy,70,20,1439,1196,0.05016722408026756,0.9498327759197325
Score 1,noisy,stealthy,70,30,1439,1196,0.046822742474916385,0.9531772575250836
Score 1,noisy,stealthy,70,40,1439,1196,0.010869565217391304,0.9891304347826086
Score 1,noisy,stealthy,70,50,1439,1196,0.0033444816053511705,0.9966555183946488
Score 1,noisy,stealthy,70,57,1439,1196,0.0,1.0
Score 1,structural,aggressive,80,1,1645,1645,0.2826747720364742,0.7173252279635258
Score 1,structural,aggressive,80,2,1645,1645,0.0,1.0
Score 1,structural,aggressive,80,3,1645,1645,0.0,1.0
Score 1,structural,aggressive,80,5,1645,1645,0.0,1.0
Score 1,structural,aggressive,80,10,1645,1645,0.0,1.0
Score 1,structural,aggressive,80,15,1645,1645,0.0,1.0
Score 1,structural,aggressive,80,20,1645,1645,0.0,1.0
Score 1,structural,aggressive,80,30,1645,1645,0.0,1.0
Score 1,structural,aggressive,80,40,1645,1645,0.0,1.0
Score 1,structural,aggressive,80,50,1645,1645,0.0,1.0
Score 1,structural,aggressive,80,57,1645,1645,0.0,1.0
Score 1,structural,stealthy,80,1,1645,1173,0.30775788576300084,0.6922421142369992
Score 1,structural,stealthy,80,2,1645,1173,0.004262574595055414,0.9957374254049446
Score 1,structural,stealthy,80,3,1645,1173,0.014492753623188406,0.9855072463768116
Score 1,structural,stealthy,80,5,1645,1173,0.02216538789428815,0.9778346121057119
Score 1,structural,stealthy,80,10,1645,1173,0.01278772378516624,0.9872122762148338
Score 1,structural,stealthy,80,15,1645,1173,0.008525149190110827,0.9914748508098892
Score 1,structural,stealthy,80,20,1645,1173,0.0076726342710997444,0.9923273657289002
Score 1,structural,stealthy,80,30,1645,1173,0.0025575447570332483,0.9974424552429667
Score 1,structural,stealthy,80,40,1645,1173,0.0034100596760443308,0.9965899403239556
Score 1,structural,stealthy,80,50,1645,1173,0.0,1.0
Score 1,structural,stealthy,80,57,1645,1173,0.0,1.0
Score 1,noisy,aggressive,80,1,1645,1645,0.37264437689969604,0.6273556231003039
Score 1,noisy,aggressive,80,2,1645,1645,0.0,1.0
Score 1,noisy,aggressive,80,3,1645,1645,0.0,1.0
Score 1,noisy,aggressive,80,5,1645,1645,0.0,1.0
Score 1,noisy,aggressive,80,10,1645,1645,0.0,1.0
Score 1,noisy,aggressive,80,15,1645,1645,0.0,1.0
Score 1,noisy,aggressive,80,20,1645,1645,0.0,1.0
Score 1,noisy,aggressive,80,30,1645,1645,0.0,1.0
Score 1,noisy,aggressive,80,40,1645,1645,0.0,1.0
Score 1,noisy,aggressive,80,50,1645,1645,0.0,1.0
Score 1,noisy,aggressive,80,57,1645,1645,0.0,1.0
Score 1,noisy,stealthy,80,1,1645,1346,0.43016344725111444,0.5698365527488856
Score 1,noisy,stealthy,80,2,1645,1346,0.003714710252600297,0.9962852897473997
Score 1,noisy,stealthy,80,3,1645,1346,0.006686478454680535,0.9933135215453195
Score 1,noisy,stealthy,80,5,1645,1346,0.0029717682020802376,0.9970282317979198
Score 1,noisy,stealthy,80,10,1645,1346,0.04234769687964339,0.9576523031203567
Score 1,noisy,stealthy,80,15,1645,1346,0.04977711738484398,0.950222882615156
Score 1,noisy,stealthy,80,20,1645,1346,0.045319465081723624,0.9546805349182764
Score 1,noisy,stealthy,80,30,1645,1346,0.041604754829123326,0.9583952451708767
Score 1,noisy,stealthy,80,40,1645,1346,0.009658246656760773,0.9903417533432393
Score 1,noisy,stealthy,80,50,1645,1346,0.0029717682020802376,0.9970282317979198
Score 1,noisy,stealthy,80,57,1645,1346,0.0,1.0
Score 1,structural,aggressive,90,1,1851,1851,0.2749864937871421,0.725013506212858
Score 1,structural,aggressive,90,2,1851,1851,0.0,1.0
Score 1,structural,aggressive,90,3,1851,1851,0.0,1.0
Score 1,structural,aggressive,90,5,1851,1851,0.0,1.0
Score 1,structural,aggressive,90,10,1851,1851,0.0,1.0
Score 1,structural,aggressive,90,15,1851,1851,0.0,1.0
Score 1,structural,aggressive,90,20,1851,1851,0.0,1.0
Score 1,structural,aggressive,90,30,1851,1851,0.0,1.0
Score 1,structural,aggressive,90,40,1851,1851,0.0,1.0
Score 1,structural,aggressive,90,50,1851,1851,0.0,1.0
Score 1,structural,aggressive,90,57,1851,1851,0.0,1.0
Score 1,structural,stealthy,90,1,1851,1347,0.32219747587230885,0.6778025241276912
Score 1,structural,stealthy,90,2,1851,1347,0.0022271714922048997,0.9977728285077951
Score 1,structural,stealthy,90,3,1851,1347,0.025241276911655532,0.9747587230883444
Score 1,structural,stealthy,90,5,1851,1347,0.021529324424647365,0.9784706755753526
Score 1,structural,stealthy,90,10,1851,1347,0.04305864884929473,0.9569413511507052
Score 1,structural,stealthy,90,15,1851,1347,0.03711952487008166,0.9628804751299184
Score 1,structural,stealthy,90,20,1851,1347,0.0066815144766146995,0.9933184855233853
Score 1,structural,stealthy,90,30,1851,1347,0.003711952487008166,0.9962880475129918
Score 1,structural,stealthy,90,40,1851,1347,0.004454342984409799,0.9955456570155902
Score 1,structural,stealthy,90,50,1851,1347,0.0007423904974016332,0.9992576095025983
Score 1,structural,stealthy,90,57,1851,1347,0.0,1.0
Score 1,noisy,aggressive,90,1,1851,1851,0.3209076175040519,0.679092382495948
Score 1,noisy,aggressive,90,2,1851,1851,0.0,1.0
Score 1,noisy,aggressive,90,3,1851,1851,0.0,1.0
Score 1,noisy,aggressive,90,5,1851,1851,0.0,1.0
Score 1,noisy,aggressive,90,10,1851,1851,0.0,1.0
Score 1,noisy,aggressive,90,15,1851,1851,0.0,1.0
Score 1,noisy,aggressive,90,20,1851,1851,0.0,1.0
Score 1,noisy,aggressive,90,30,1851,1851,0.0,1.0
Score 1,noisy,aggressive,90,40,1851,1851,0.0,1.0
Score 1,noisy,aggressive,90,50,1851,1851,0.0,1.0
Score 1,noisy,aggressive,90,57,1851,1851,0.0,1.0
Score 1,noisy,stealthy,90,1,1851,1457,0.4001372683596431,0.5998627316403569
Score 1,noisy,stealthy,90,2,1851,1457,0.0034317089910775567,0.9965682910089224
Score 1,noisy,stealthy,90,3,1851,1457,0.004118050789293068,0.9958819492107069
Score 1,noisy,stealthy,90,5,1851,1457,0.002059025394646534,0.9979409746053535
Score 1,noisy,stealthy,90,10,1851,1457,0.04118050789293068,0.9588194921070693
Score 1,noisy,stealthy,90,15,1851,1457,0.045298558682223745,0.9547014413177762
Score 1,noisy,stealthy,90,20,1851,1457,0.0425531914893617,0.9574468085106383
Score 1,noisy,stealthy,90,30,1851,1457,0.038435140700068635,0.9615648592999314
Score 1,noisy,stealthy,90,40,1851,1457,0.008236101578586136,0.9917638984214139
Score 1,noisy,stealthy,90,50,1851,1457,0.002745367192862045,0.997254632807138
Score 1,noisy,stealthy,90,57,1851,1457,0.0,1.0
Score 1,structural,aggressive,100,1,2057,2057,0.28390860476421975,0.7160913952357802
Score 1,structural,aggressive,100,2,2057,2057,0.0,1.0
Score 1,structural,aggressive,100,3,2057,2057,0.0,1.0
Score 1,structural,aggressive,100,5,2057,2057,0.0,1.0
Score 1,structural,aggressive,100,10,2057,2057,0.0,1.0
Score 1,structural,aggressive,100,15,2057,2057,0.0,1.0
Score 1,structural,aggressive,100,20,2057,2057,0.0,1.0
Score 1,structural,aggressive,100,30,2057,2057,0.0,1.0
Score 1,structural,aggressive,100,40,2057,2057,0.0,1.0
Score 1,structural,aggressive,100,50,2057,2057,0.0,1.0
Score 1,structural,aggressive,100,57,2057,2057,0.0,1.0
Score 1,structural,stealthy,100,1,2057,1519,0.38841342988808425,0.6115865701119158
Score 1,structural,stealthy,100,2,2057,1519,0.003949967083607637,0.9960500329163924
Score 1,structural,stealthy,100,3,2057,1519,0.003949967083607637,0.9960500329163924
Score 1,structural,stealthy,100,5,2057,1519,0.0013166556945358788,0.9986833443054641
Score 1,structural,stealthy,100,10,2057,1519,0.03949967083607637,0.9605003291639236
Score 1,structural,stealthy,100,15,2057,1519,0.042791310072416065,0.9572086899275839
Score 1,structural,stealthy,100,20,2057,1519,0.041474654377880185,0.9585253456221198
Score 1,structural,stealthy,100,30,2057,1519,0.03686635944700461,0.9631336405529954
Score 1,structural,stealthy,100,40,2057,1519,0.007899934167215274,0.9921000658327848
Score 1,structural,stealthy,100,50,2057,1519,0.0026333113890717576,0.9973666886109283
Score 1,structural,stealthy,100,57,2057,1519,0.0,1.0
Score 1,noisy,aggressive,100,1,2057,2057,0.28390860476421975,0.7160913952357802
Score 1,noisy,aggressive,100,2,2057,2057,0.0,1.0
Score 1,noisy,aggressive,100,3,2057,2057,0.0,1.0
Score 1,noisy,aggressive,100,5,2057,2057,0.0,1.0
Score 1,noisy,aggressive,100,10,2057,2057,0.0,1.0
Score 1,noisy,aggressive,100,15,2057,2057,0.0,1.0
Score 1,noisy,aggressive,100,20,2057,2057,0.0,1.0
Score 1,noisy,aggressive,100,30,2057,2057,0.0,1.0
Score 1,noisy,aggressive,100,40,2057,2057,0.0,1.0
Score 1,noisy,aggressive,100,50,2057,2057,0.0,1.0
Score 1,noisy,aggressive,100,57,2057,2057,0.0,1.0
Score 1,noisy,stealthy,100,1,2057,1519,0.38841342988808425,0.6115865701119158
Score 1,noisy,stealthy,100,2,2057,1519,0.003949967083607637,0.9960500329163924
Score 1,noisy,stealthy,100,3,2057,1519,0.003949967083607637,0.9960500329163924
Score 1,noisy,stealthy,100,5,2057,1519,0.0013166556945358788,0.9986833443054641
Score 1,noisy,stealthy,100,10,2057,1519,0.03949967083607637,0.9605003291639236
Score 1,noisy,stealthy,100,15,2057,1519,0.042791310072416065,0.9572086899275839
Score 1,noisy,stealthy,100,20,2057,1519,0.041474654377880185,0.9585253456221198
Score 1,noisy,stealthy,100,30,2057,1519,0.03686635944700461,0.9631336405529954
Score 1,noisy,stealthy,100,40,2057,1519,0.007899934167215274,0.9921000658327848
Score 1,noisy,stealthy,100,50,2057,1519,0.0026333113890717576,0.9973666886109283
Score 1,noisy,stealthy,100,57,2057,1519,0.0,1.0
Score 2,structural,aggressive,10,1,205,205,0.004878048780487805,0.9951219512195122
Score 2,structural,aggressive,10,2,205,205,0.0,1.0
Score 2,structural,aggressive,10,3,205,205,0.0,1.0
Score 2,structural,aggressive,10,5,205,205,0.0,1.0
Score 2,structural,aggressive,10,10,205,205,0.0,1.0
Score 2,structural,aggressive,10,15,205,205,0.0,1.0
Score 2,structural,aggressive,10,20,205,205,0.0,1.0
Score 2,structural,aggressive,10,30,205,205,0.0,1.0
Score 2,structural,aggressive,10,40,205,205,0.0,1.0
Score 2,structural,aggressive,10,50,205,205,0.0,1.0
Score 2,structural,aggressive,10,57,205,205,0.0,1.0
Score 2,structural,stealthy,10,1,205,94,0.20212765957446807,0.7978723404255319
Score 2,structural,stealthy,10,2,205,94,0.20212765957446807,0.7978723404255319
Score 2,structural,stealthy,10,3,205,94,0.010638297872340425,0.9893617021276596
Score 2,structural,stealthy,10,5,205,94,0.0,1.0
Score 2,structural,stealthy,10,10,205,94,0.0,1.0
Score 2,structural,stealthy,10,15,205,94,0.0,1.0
Score 2,structural,stealthy,10,20,205,94,0.0,1.0
Score 2,structural,stealthy,10,30,205,94,0.0,1.0
Score 2,structural,stealthy,10,40,205,94,0.0,1.0
Score 2,structural,stealthy,10,50,205,94,0.0,1.0
Score 2,structural,stealthy,10,57,205,94,0.0,1.0
Score 2,noisy,aggressive,10,1,205,205,0.2975609756097561,0.7024390243902439
Score 2,noisy,aggressive,10,2,205,205,0.24390243902439024,0.7560975609756098
Score 2,noisy,aggressive,10,3,205,205,0.0,1.0
Score 2,noisy,aggressive,10,5,205,205,0.0,1.0
Score 2,noisy,aggressive,10,10,205,205,0.0,1.0
Score 2,noisy,aggressive,10,15,205,205,0.0,1.0
Score 2,noisy,aggressive,10,20,205,205,0.0,1.0
Score 2,noisy,aggressive,10,30,205,205,0.0,1.0
Score 2,noisy,aggressive,10,40,205,205,0.0,1.0
Score 2,noisy,aggressive,10,50,205,205,0.0,1.0
Score 2,noisy,aggressive,10,57,205,205,0.0,1.0
Score 2,noisy,stealthy,10,1,205,169,0.3609467455621302,0.6390532544378698
Score 2,noisy,stealthy,10,2,205,169,0.4911242603550296,0.5088757396449703
Score 2,noisy,stealthy,10,3,205,169,0.378698224852071,0.6213017751479291
Score 2,noisy,stealthy,10,5,205,169,0.07692307692307693,0.9230769230769231
Score 2,noisy,stealthy,10,10,205,169,0.09467455621301775,0.9053254437869822
Score 2,noisy,stealthy,10,15,205,169,0.09467455621301775,0.9053254437869822
Score 2,noisy,stealthy,10,20,205,169,0.07100591715976332,0.9289940828402367
Score 2,noisy,stealthy,10,30,205,169,0.05325443786982249,0.9467455621301775
Score 2,noisy,stealthy,10,40,205,169,0.03550295857988166,0.9644970414201184
Score 2,noisy,stealthy,10,50,205,169,0.011834319526627219,0.9881656804733728
Score 2,noisy,stealthy,10,57,205,169,0.0,1.0
Score 2,structural,aggressive,20,1,411,411,0.0681265206812652,0.9318734793187348
Score 2,structural,aggressive,20,2,411,411,0.0,1.0
Score 2,structural,aggressive,20,3,411,411,0.0,1.0
Score 2,structural,aggressive,20,5,411,411,0.0,1.0
Score 2,structural,aggressive,20,10,411,411,0.0,1.0
Score 2,structural,aggressive,20,15,411,411,0.0,1.0
Score 2,structural,aggressive,20,20,411,411,0.0,1.0
Score 2,structural,aggressive,20,30,411,411,0.0,1.0
Score 2,structural,aggressive,20,40,411,411,0.0,1.0
Score 2,structural,aggressive,20,50,411,411,0.0,1.0
Score 2,structural,aggressive,20,57,411,411,0.0,1.0
Score 2,structural,stealthy,20,1,411,229,0.36681222707423583,0.6331877729257642
Score 2,structural,stealthy,20,2,411,229,0.36681222707423583,0.6331877729257642
Score 2,structural,stealthy,20,3,411,229,0.021834061135371178,0.9781659388646288
Score 2,structural,stealthy,20,5,411,229,0.013100436681222707,0.9868995633187773
Score 2,structural,stealthy,20,10,411,229,0.026200873362445413,0.9737991266375546
Score 2,structural,stealthy,20,15,411,229,0.0,1.0
Score 2,structural,stealthy,20,20,411,229,0.0,1.0
Score 2,structural,stealthy,20,30,411,229,0.0,1.0
Score 2,structural,stealthy,20,40,411,229,0.0,1.0
Score 2,structural,stealthy,20,50,411,229,0.0,1.0
Score 2,structural,stealthy,20,57,411,229,0.0,1.0
Score 2,noisy,aggressive,20,1,411,411,0.30413625304136255,0.6958637469586375
Score 2,noisy,aggressive,20,2,411,411,0.17274939172749393,0.8272506082725061
Score 2,noisy,aggressive,20,3,411,411,0.0,1.0
Score 2,noisy,aggressive,20,5,411,411,0.0,1.0
Score 2,noisy,aggressive,20,10,411,411,0.0,1.0
Score 2,noisy,aggressive,20,15,411,411,0.0,1.0
Score 2,noisy,aggressive,20,20,411,411,0.0,1.0
Score 2,noisy,aggressive,20,30,411,411,0.0,1.0
Score 2,noisy,aggressive,20,40,411,411,0.0,1.0
Score 2,noisy,aggressive,20,50,411,411,0.0,1.0
Score 2,noisy,aggressive,20,57,411,411,0.0,1.0
Score 2,noisy,stealthy,20,1,411,339,0.3687315634218289,0.6312684365781711
Score 2,noisy,stealthy,20,2,411,339,0.4896755162241888,0.5103244837758112
Score 2,noisy,stealthy,20,3,411,339,0.10029498525073746,0.8997050147492626
Score 2,noisy,stealthy,20,5,411,339,0.10029498525073746,0.8997050147492626
Score 2,noisy,stealthy,20,10,411,339,0.17404129793510326,0.8259587020648967
Score 2,noisy,stealthy,20,15,411,339,0.18289085545722714,0.8171091445427728
Score 2,noisy,stealthy,20,20,411,339,0.168141592920354,0.831858407079646
Score 2,noisy,stealthy,20,30,411,339,0.168141592920354,0.831858407079646
Score 2,noisy,stealthy,20,40,411,339,0.14454277286135694,0.855457227138643
Score 2,noisy,stealthy,20,50,411,339,0.014749262536873156,0.9852507374631269
Score 2,noisy,stealthy,20,57,411,339,0.0,1.0
Score 2,structural,aggressive,30,1,617,617,0.14424635332252836,0.8557536466774717
Score 2,structural,aggressive,30,2,617,617,0.0,1.0
Score 2,structural,aggressive,30,3,617,617,0.0,1.0
Score 2,structural,aggressive,30,5,617,617,0.0,1.0
Score 2,structural,aggressive,30,10,617,617,0.0,1.0
Score 2,structural,aggressive,30,15,617,617,0.0,1.0
Score 2,structural,aggressive,30,20,617,617,0.0,1.0
Score 2,structural,aggressive,30,30,617,617,0.0,1.0
Score 2,structural,aggressive,30,40,617,617,0.0,1.0
Score 2,structural,aggressive,30,50,617,617,0.0,1.0
Score 2,structural,aggressive,30,57,617,617,0.0,1.0
Score 2,structural,stealthy,30,1,617,390,0.4256410256410256,0.5743589743589743
Score 2,structural,stealthy,30,2,617,390,0.04358974358974359,0.9564102564102565
Score 2,structural,stealthy,30,3,617,390,0.0,1.0
Score 2,structural,stealthy,30,5,617,390,0.002564102564102564,0.9974358974358974
Score 2,structural,stealthy,30,10,617,390,0.0,1.0
Score 2,structural,stealthy,30,15,617,390,0.0,1.0
Score 2,structural,stealthy,30,20,617,390,0.0,1.0
Score 2,structural,stealthy,30,30,617,390,0.0,1.0
Score 2,structural,stealthy,30,40,617,390,0.0,1.0
Score 2,structural,stealthy,30,50,617,390,0.0,1.0
Score 2,structural,stealthy,30,57,617,390,0.0,1.0
Score 2,noisy,aggressive,30,1,617,617,0.3565640194489465,0.6434359805510534
Score 2,noisy,aggressive,30,2,617,617,0.012965964343598054,0.9870340356564019
Score 2,noisy,aggressive,30,3,617,617,0.0,1.0
Score 2,noisy,aggressive,30,5,617,617,0.0,1.0
Score 2,noisy,aggressive,30,10,617,617,0.0,1.0
Score 2,noisy,aggressive,30,15,617,617,0.0,1.0
Score 2,noisy,aggressive,30,20,617,617,0.0,1.0
Score 2,noisy,aggressive,30,30,617,617,0.0,1.0
Score 2,noisy,aggressive,30,40,617,617,0.0,1.0
Score 2,noisy,aggressive,30,50,617,617,0.0,1.0
Score 2,noisy,aggressive,30,57,617,617,0.0,1.0
Score 2,noisy,stealthy,30,1,617,505,0.4396039603960396,0.5603960396039604
Score 2,noisy,stealthy,30,2,617,505,0.3821782178217822,0.6178217821782178
Score 2,noisy,stealthy,30,3,617,505,0.08118811881188119,0.9188118811881189
Score 2,noisy,stealthy,30,5,617,505,0.06732673267326733,0.9326732673267326
Score 2,noisy,stealthy,30,10,617,505,0.12079207920792079,0.8792079207920792
Score 2,noisy,stealthy,30,15,617,505,0.12673267326732673,0.8732673267326733
Score 2,noisy,stealthy,30,20,617,505,0.11683168316831684,0.8831683168316832
Score 2,noisy,stealthy,30,30,617,505,0.11089108910891089,0.8891089108910891
Score 2,noisy,stealthy,30,40,617,505,0.01782178217821782,0.9821782178217822
Score 2,noisy,stealthy,30,50,617,505,0.009900990099009901,0.9900990099009901
Score 2,noisy,stealthy,30,57,617,505,0.0,1.0
Score 2,structural,aggressive,40,1,823,823,0.17618469015795868,0.8238153098420413
Score 2,structural,aggressive,40,2,823,823,0.0,1.0
Score 2,structural,aggressive,40,3,823,823,0.0,1.0
Score 2,structural,aggressive,40,5,823,823,0.0,1.0
Score 2,structural,aggressive,40,10,823,823,0.0,1.0
Score 2,structural,aggressive,40,15,823,823,0.0,1.0
Score 2,structural,aggressive,40,20,823,823,0.0,1.0
Score 2,structural,aggressive,40,30,823,823,0.0,1.0
Score 2,structural,aggressive,40,40,823,823,0.0,1.0
Score 2,structural,aggressive,40,50,823,823,0.0,1.0
Score 2,structural,aggressive,40,57,823,823,0.0,1.0
Score 2,structural,stealthy,40,1,823,533,0.3320825515947467,0.6679174484052532
Score 2,structural,stealthy,40,2,823,533,0.001876172607879925,0.99812382739212
Score 2,structural,stealthy,40,3,823,533,0.001876172607879925,0.99812382739212
Score 2,structural,stealthy,40,5,823,533,0.01125703564727955,0.9887429643527205
Score 2,structural,stealthy,40,10,823,533,0.0075046904315197,0.9924953095684803
Score 2,structural,stealthy,40,15,823,533,0.0075046904315197,0.9924953095684803
Score 2,structural,stealthy,40,20,823,533,0.0075046904315197,0.9924953095684803
Score 2,structural,stealthy,40,30,823,533,0.001876172607879925,0.99812382739212
Score 2,structural,stealthy,40,40,823,533,0.001876172607879925,0.99812382739212
Score 2,structural,stealthy,40,50,823,533,0.0,1.0
Score 2,structural,stealthy,40,57,823,533,0.0,1.0
Score 2,noisy,aggressive,40,1,823,823,0.3754556500607533,0.6245443499392467
Score 2,noisy,aggressive,40,2,823,823,0.001215066828675577,0.9987849331713244
Score 2,noisy,aggressive,40,3,823,823,0.0,1.0
Score 2,noisy,aggressive,40,5,823,823,0.0,1.0
Score 2,noisy,aggressive,40,10,823,823,0.0,1.0
Score 2,noisy,aggressive,40,15,823,823,0.0,1.0
Score 2,noisy,aggressive,40,20,823,823,0.0,1.0
Score 2,noisy,aggressive,40,30,823,823,0.0,1.0
Score 2,noisy,aggressive,40,40,823,823,0.0,1.0
Score 2,noisy,aggressive,40,50,823,823,0.0,1.0
Score 2,noisy,aggressive,40,57,823,823,0.0,1.0
Score 2,noisy,stealthy,40,1,823,665,0.46616541353383456,0.5338345864661654
Score 2,noisy,stealthy,40,2,823,665,0.22857142857142856,0.7714285714285715
Score 2,noisy,stealthy,40,3,823,665,0.055639097744360905,0.9443609022556391
Score 2,noisy,stealthy,40,5,823,665,0.0481203007518797,0.9518796992481203
Score 2,noisy,stealthy,40,10,823,665,0.0962406015037594,0.9037593984962407
Score 2,noisy,stealthy,40,15,823,665,0.09774436090225563,0.9022556390977443
Score 2,noisy,stealthy,40,20,823,665,0.09172932330827067,0.9082706766917293
Score 2,noisy,stealthy,40,30,823,665,0.08421052631578947,0.9157894736842105
Score 2,noisy,stealthy,40,40,823,665,0.015037593984962405,0.9849624060150376
Score 2,noisy,stealthy,40,50,823,665,0.007518796992481203,0.9924812030075187
Score 2,noisy,stealthy,40,57,823,665,0.0,1.0
Score 2,structural,aggressive,50,1,1029,1029,0.20408163265306123,0.7959183673469388
Score 2,structural,aggressive,50,2,1029,1029,0.0,1.0
Score 2,structural,aggressive,50,3,1029,1029,0.0,1.0
Score 2,structural,aggressive,50,5,1029,1029,0.0,1.0
Score 2,structural,aggressive,50,10,1029,1029,0.0,1.0
Score 2,structural,aggressive,50,15,1029,1029,0.0,1.0
Score 2,structural,aggressive,50,20,1029,1029,0.0,1.0
Score 2,structural,aggressive,50,30,1029,1029,0.0,1.0
Score 2,structural,aggressive,50,40,1029,1029,0.0,1.0
Score 2,structural,aggressive,50,50,1029,1029,0.0,1.0
Score 2,structural,aggressive,50,57,1029,1029,0.0,1.0
Score 2,structural,stealthy,50,1,1029,703,0.33001422475106684,0.6699857752489331
Score 2,structural,stealthy,50,2,1029,703,0.004267425320056899,0.9957325746799431
Score 2,structural,stealthy,50,3,1029,703,0.004267425320056899,0.9957325746799431
Score 2,structural,stealthy,50,5,1029,703,0.015647226173541962,0.984352773826458
Score 2,structural,stealthy,50,10,1029,703,0.00995732574679943,0.9900426742532006
Score 2,structural,stealthy,50,15,1029,703,0.008534850640113799,0.9914651493598862
Score 2,structural,stealthy,50,20,1029,703,0.008534850640113799,0.9914651493598862
Score 2,structural,stealthy,50,30,1029,703,0.002844950213371266,0.9971550497866287
Score 2,structural,stealthy,50,40,1029,703,0.002844950213371266,0.9971550497866287
Score 2,structural,stealthy,50,50,1029,703,0.0,1.0
Score 2,structural,stealthy,50,57,1029,703,0.0,1.0
Score 2,noisy,aggressive,50,1,1029,1029,0.37026239067055394,0.629737609329446
Score 2,noisy,aggressive,50,2,1029,1029,0.0,1.0
Score 2,noisy,aggressive,50,3,1029,1029,0.0,1.0
Score 2,noisy,aggressive,50,5,1029,1029,0.0,1.0
Score 2,noisy,aggressive,50,10,1029,1029,0.0,1.0
Score 2,noisy,aggressive,50,15,1029,1029,0.0,1.0
Score 2,noisy,aggressive,50,20,1029,1029,0.0,1.0
Score 2,noisy,aggressive,50,30,1029,1029,0.0,1.0
Score 2,noisy,aggressive,50,40,1029,1029,0.0,1.0
Score 2,noisy,aggressive,50,50,1029,1029,0.0,1.0
Score 2,noisy,aggressive,50,57,1029,1029,0.0,1.0
Score 2,noisy,stealthy,50,1,1029,816,0.4571078431372549,0.5428921568627452
Score 2,noisy,stealthy,50,2,1029,816,0.007352941176470588,0.9926470588235294
Score 2,noisy,stealthy,50,3,1029,816,0.04779411764705882,0.9522058823529411
Score 2,noisy,stealthy,50,5,1029,816,0.014705882352941176,0.9852941176470589
Score 2,noisy,stealthy,50,10,1029,816,0.07965686274509803,0.920343137254902
Score 2,noisy,stealthy,50,15,1029,816,0.08088235294117647,0.9191176470588235
Score 2,noisy,stealthy,50,20,1029,816,0.0784313725490196,0.9215686274509804
Score 2,noisy,stealthy,50,30,1029,816,0.06862745098039216,0.9313725490196079
Score 2,noisy,stealthy,50,40,1029,816,0.014705882352941176,0.9852941176470589
Score 2,noisy,stealthy,50,50,1029,816,0.006127450980392157,0.9938725490196079
Score 2,noisy,stealthy,50,57,1029,816,0.0,1.0
Score 2,structural,aggressive,60,1,1234,1234,0.22771474878444084,0.7722852512155591
Score 2,structural,aggressive,60,2,1234,1234,0.0,1.0
Score 2,structural,aggressive,60,3,1234,1234,0.0,1.0
Score 2,structural,aggressive,60,5,1234,1234,0.0,1.0
Score 2,structural,aggressive,60,10,1234,1234,0.0,1.0
Score 2,structural,aggressive,60,15,1234,1234,0.0,1.0
Score 2,structural,aggressive,60,20,1234,1234,0.0,1.0
Score 2,structural,aggressive,60,30,1234,1234,0.0,1.0
Score 2,structural,aggressive,60,40,1234,1234,0.0,1.0
Score 2,structural,aggressive,60,50,1234,1234,0.0,1.0
Score 2,structural,aggressive,60,57,1234,1234,0.0,1.0
Score 2,structural,stealthy,60,1,1234,853,0.3399765533411489,0.660023446658851
Score 2,structural,stealthy,60,2,1234,853,0.004689331770222743,0.9953106682297772
Score 2,structural,stealthy,60,3,1234,853,0.004689331770222743,0.9953106682297772
Score 2,structural,stealthy,60,5,1234,853,0.01875732708089097,0.981242672919109
Score 2,structural,stealthy,60,10,1234,853,0.012895662368112544,0.9871043376318874
Score 2,structural,stealthy,60,15,1234,853,0.01406799531066823,0.9859320046893317
Score 2,structural,stealthy,60,20,1234,853,0.010550996483001172,0.9894490035169988
Score 2,structural,stealthy,60,30,1234,853,0.004689331770222743,0.9953106682297772
Score 2,structural,stealthy,60,40,1234,853,0.004689331770222743,0.9953106682297772
Score 2,structural,stealthy,60,50,1234,853,0.0011723329425556857,0.9988276670574443
Score 2,structural,stealthy,60,57,1234,853,0.0,1.0
Score 2,noisy,aggressive,60,1,1234,1234,0.36385737439222043,0.6361426256077796
Score 2,noisy,aggressive,60,2,1234,1234,0.0,1.0
Score 2,noisy,aggressive,60,3,1234,1234,0.0,1.0
Score 2,noisy,aggressive,60,5,1234,1234,0.0,1.0
Score 2,noisy,aggressive,60,10,1234,1234,0.0,1.0
Score 2,noisy,aggressive,60,15,1234,1234,0.0,1.0
Score 2,noisy,aggressive,60,20,1234,1234,0.0,1.0
Score 2,noisy,aggressive,60,30,1234,1234,0.0,1.0
Score 2,noisy,aggressive,60,40,1234,1234,0.0,1.0
Score 2,noisy,aggressive,60,50,1234,1234,0.0,1.0
Score 2,noisy,aggressive,60,57,1234,1234,0.0,1.0
Score 2,noisy,stealthy,60,1,1234,986,0.44523326572008115,0.5547667342799188
Score 2,noisy,stealthy,60,2,1234,986,0.0030425963488843813,0.9969574036511156
Score 2,noisy,stealthy,60,3,1234,986,0.015212981744421906,0.9847870182555781
Score 2,noisy,stealthy,60,5,1234,986,0.005070993914807302,0.9949290060851927
Score 2,noisy,stealthy,60,10,1234,986,0.058823529411764705,0.9411764705882353
Score 2,noisy,stealthy,60,15,1234,986,0.06490872210953347,0.9350912778904665
Score 2,noisy,stealthy,60,20,1234,986,0.06288032454361055,0.9371196754563894
Score 2,noisy,stealthy,60,30,1234,986,0.055780933062880324,0.9442190669371197
Score 2,noisy,stealthy,60,40,1234,986,0.012170385395537525,0.9878296146044625
Score 2,noisy,stealthy,60,50,1234,986,0.004056795131845842,0.9959432048681541
Score 2,noisy,stealthy,60,57,1234,986,0.0,1.0
Score 2,structural,aggressive,70,1,1440,1440,0.2548611111111111,0.7451388888888889
Score 2,structural,aggressive,70,2,1440,1440,0.0,1.0
Score 2,structural,aggressive,70,3,1440,1440,0.0,1.0
Score 2,structural,aggressive,70,5,1440,1440,0.0,1.0
Score 2,structural,aggressive,70,10,1440,1440,0.0,1.0
Score 2,structural,aggressive,70,15,1440,1440,0.0,1.0
Score 2,structural,aggressive,70,20,1440,1440,0.0,1.0
Score 2,structural,aggressive,70,30,1440,1440,0.0,1.0
Score 2,structural,aggressive,70,40,1440,1440,0.0,1.0
Score 2,structural,aggressive,70,50,1440,1440,0.0,1.0
Score 2,structural,aggressive,70,57,1440,1440,0.0,1.0
Score 2,structural,stealthy,70,1,1440,1013,0.36722606120434353,0.6327739387956565
Score 2,structural,stealthy,70,2,1440,1013,0.0029615004935834156,0.9970384995064165
Score 2,structural,stealthy,70,3,1440,1013,0.008884501480750246,0.9911154985192497
Score 2,structural,stealthy,70,5,1440,1013,0.018756169792694965,0.981243830207305
Score 2,structural,stealthy,70,10,1440,1013,0.007897334649555774,0.9921026653504442
Score 2,structural,stealthy,70,15,1440,1013,0.012833168805528134,0.9871668311944719
Score 2,structural,stealthy,70,20,1440,1013,0.01085883514313919,0.9891411648568608
Score 2,structural,stealthy,70,30,1440,1013,0.004935834155972359,0.9950641658440277
Score 2,structural,stealthy,70,40,1440,1013,0.003948667324777887,0.9960513326752222
Score 2,structural,stealthy,70,50,1440,1013,0.0009871668311944718,0.9990128331688055
Score 2,structural,stealthy,70,57,1440,1013,0.0,1.0
Score 2,noisy,aggressive,70,1,1440,1440,0.3506944444444444,0.6493055555555556
Score 2,noisy,aggressive,70,2,1440,1440,0.0,1.0
Score 2,noisy,aggressive,70,3,1440,1440,0.0,1.0
Score 2,noisy,aggressive,70,5,1440,1440,0.0,1.0
Score 2,noisy,aggressive,70,10,1440,1440,0.0,1.0
Score 2,noisy,aggressive,70,15,1440,1440,0.0,1.0
Score 2,noisy,aggressive,70,20,1440,1440,0.0,1.0
Score 2,noisy,aggressive,70,30,1440,1440,0.0,1.0
Score 2,noisy,aggressive,70,40,1440,1440,0.0,1.0
Score 2,noisy,aggressive,70,50,1440,1440,0.0,1.0
Score 2,noisy,aggressive,70,57,1440,1440,0.0,1.0
Score 2,noisy,stealthy,70,1,1440,1128,0.44148936170212766,0.5585106382978724
Score 2,noisy,stealthy,70,2,1440,1128,0.0035460992907801418,0.9964539007092199
Score 2,noisy,stealthy,70,3,1440,1128,0.014184397163120567,0.9858156028368794
Score 2,noisy,stealthy,70,5,1440,1128,0.0035460992907801418,0.9964539007092199
Score 2,noisy,stealthy,70,10,1440,1128,0.051418439716312055,0.9485815602836879
Score 2,noisy,stealthy,70,15,1440,1128,0.05673758865248227,0.9432624113475178
Score 2,noisy,stealthy,70,20,1440,1128,0.05230496453900709,0.9476950354609929
Score 2,noisy,stealthy,70,30,1440,1128,0.04964539007092199,0.950354609929078
Score 2,noisy,stealthy,70,40,1440,1128,0.01152482269503546,0.9884751773049646
Score 2,noisy,stealthy,70,50,1440,1128,0.0035460992907801418,0.9964539007092199
Score 2,noisy,stealthy,70,57,1440,1128,0.0,1.0
Score 2,structural,aggressive,80,1,1646,1646,0.2770352369380316,0.7229647630619684
Score 2,structural,aggressive,80,2,1646,1646,0.0,1.0
Score 2,structural,aggressive,80,3,1646,1646,0.0,1.0
Score 2,structural,aggressive,80,5,1646,1646,0.0,1.0
Score 2,structural,aggressive,80,10,1646,1646,0.0,1.0
Score 2,structural,aggressive,80,15,1646,1646,0.0,1.0
Score 2,structural,aggressive,80,20,1646,1646,0.0,1.0
Score 2,structural,aggressive,80,30,1646,1646,0.0,1.0
Score 2,structural,aggressive,80,40,1646,1646,0.0,1.0
Score 2,structural,aggressive,80,50,1646,1646,0.0,1.0
Score 2,structural,aggressive,80,57,1646,1646,0.0,1.0
Score 2,structural,stealthy,80,1,1646,1179,0.3418150975402884,0.6581849024597116
Score 2,structural,stealthy,80,2,1646,1179,0.0033927056827820186,0.996607294317218
Score 2,structural,stealthy,80,3,1646,1179,0.016963528413910092,0.9830364715860899
Score 2,structural,stealthy,80,5,1646,1179,0.024597116200169637,0.9754028837998303
Score 2,structural,stealthy,80,10,1646,1179,0.010178117048346057,0.989821882951654
Score 2,structural,stealthy,80,15,1646,1179,0.011874469889737066,0.9881255301102629
Score 2,structural,stealthy,80,20,1646,1179,0.005937234944868533,0.9940627650551315
Score 2,structural,stealthy,80,30,1646,1179,0.004240882103477523,0.9957591178965225
Score 2,structural,stealthy,80,40,1646,1179,0.0033927056827820186,0.996607294317218
Score 2,structural,stealthy,80,50,1646,1179,0.0008481764206955047,0.9991518235793045
Score 2,structural,stealthy,80,57,1646,1179,0.0,1.0
Score 2,noisy,aggressive,80,1,1646,1646,0.34325637910085055,0.6567436208991495
Score 2,noisy,aggressive,80,2,1646,1646,0.0,1.0
Score 2,noisy,aggressive,80,3,1646,1646,0.0,1.0
Score 2,noisy,aggressive,80,5,1646,1646,0.0,1.0
Score 2,noisy,aggressive,80,10,1646,1646,0.0,1.0
Score 2,noisy,aggressive,80,15,1646,1646,0.0,1.0
Score 2,noisy,aggressive,80,20,1646,1646,0.0,1.0
Score 2,noisy,aggressive,80,30,1646,1646,0.0,1.0
Score 2,noisy,aggressive,80,40,1646,1646,0.0,1.0
Score 2,noisy,aggressive,80,50,1646,1646,0.0,1.0
Score 2,noisy,aggressive,80,57,1646,1646,0.0,1.0
Score 2,noisy,stealthy,80,1,1646,1290,0.42868217054263563,0.5713178294573644
Score 2,noisy,stealthy,80,2,1646,1290,0.003875968992248062,0.9961240310077519
Score 2,noisy,stealthy,80,3,1646,1290,0.0069767441860465115,0.9930232558139535
Score 2,noisy,stealthy,80,5,1646,1290,0.0031007751937984496,0.9968992248062015
Score 2,noisy,stealthy,80,10,1646,1290,0.04496124031007752,0.9550387596899225
Score 2,noisy,stealthy,80,15,1646,1290,0.04961240310077519,0.9503875968992248
Score 2,noisy,stealthy,80,20,1646,1290,0.046511627906976744,0.9534883720930233
Score 2,noisy,stealthy,80,30,1646,1290,0.043410852713178294,0.9565891472868218
Score 2,noisy,stealthy,80,40,1646,1290,0.010077519379844961,0.9899224806201551
Score 2,noisy,stealthy,80,50,1646,1290,0.0031007751937984496,0.9968992248062015
Score 2,noisy,stealthy,80,57,1646,1290,0.0,1.0
Score 2,structural,aggressive,90,1,1852,1852,0.2818574514038877,0.7181425485961124
Score 2,structural,aggressive,90,2,1852,1852,0.0,1.0
Score 2,structural,aggressive,90,3,1852,1852,0.0,1.0
Score 2,structural,aggressive,90,5,1852,1852,0.0,1.0
Score 2,structural,aggressive,90,10,1852,1852,0.0,1.0
Score 2,structural,aggressive,90,15,1852,1852,0.0,1.0
Score 2,structural,aggressive,90,20,1852,1852,0.0,1.0
Score 2,structural,aggressive,90,30,1852,1852,0.0,1.0
Score 2,structural,aggressive,90,40,1852,1852,0.0,1.0
Score 2,structural,aggressive,90,50,1852,1852,0.0,1.0
Score 2,structural,aggressive,90,57,1852,1852,0.0,1.0
Score 2,structural,stealthy,90,1,1852,1350,0.30962962962962964,0.6903703703703703
Score 2,structural,stealthy,90,2,1852,1350,0.0022222222222222222,0.9977777777777778
Score 2,structural,stealthy,90,3,1852,1350,0.022222222222222223,0.9777777777777777
Score 2,structural,stealthy,90,5,1852,1350,0.01925925925925926,0.9807407407407407
Score 2,structural,stealthy,90,10,1852,1350,0.04888888888888889,0.9511111111111111
Score 2,structural,stealthy,90,15,1852,1350,0.008888888888888889,0.9911111111111112
Score 2,structural,stealthy,90,20,1852,1350,0.008888888888888889,0.9911111111111112
Score 2,structural,stealthy,90,30,1852,1350,0.005925925925925926,0.9940740740740741
Score 2,structural,stealthy,90,40,1852,1350,0.003703703703703704,0.9962962962962963
Score 2,structural,stealthy,90,50,1852,1350,0.0022222222222222222,0.9977777777777778
Score 2,structural,stealthy,90,57,1852,1350,0.0,1.0
Score 2,noisy,aggressive,90,1,1852,1852,0.31965442764578833,0.6803455723542117
Score 2,noisy,aggressive,90,2,1852,1852,0.0,1.0
Score 2,noisy,aggressive,90,3,1852,1852,0.0,1.0
Score 2,noisy,aggressive,90,5,1852,1852,0.0,1.0
Score 2,noisy,aggressive,90,10,1852,1852,0.0,1.0
Score 2,noisy,aggressive,90,15,1852,1852,0.0,1.0
Score 2,noisy,aggressive,90,20,1852,1852,0.0,1.0
Score 2,noisy,aggressive,90,30,1852,1852,0.0,1.0
Score 2,noisy,aggressive,90,40,1852,1852,0.0,1.0
Score 2,noisy,aggressive,90,50,1852,1852,0.0,1.0
Score 2,noisy,aggressive,90,57,1852,1852,0.0,1.0
Score 2,noisy,stealthy,90,1,1852,1424,0.40870786516853935,0.5912921348314606
Score 2,noisy,stealthy,90,2,1852,1424,0.0035112359550561797,0.9964887640449438
Score 2,noisy,stealthy,90,3,1852,1424,0.004213483146067416,0.9957865168539326
Score 2,noisy,stealthy,90,5,1852,1424,0.002106741573033708,0.9978932584269663
Score 2,noisy,stealthy,90,10,1852,1424,0.042134831460674156,0.9578651685393258
Score 2,noisy,stealthy,90,15,1852,1424,0.046348314606741575,0.9536516853932584
Score 2,noisy,stealthy,90,20,1852,1424,0.04353932584269663,0.9564606741573034
Score 2,noisy,stealthy,90,30,1852,1424,0.03932584269662921,0.9606741573033708
Score 2,noisy,stealthy,90,40,1852,1424,0.008426966292134831,0.9915730337078652
Score 2,noisy,stealthy,90,50,1852,1424,0.0028089887640449437,0.9971910112359551
Score 2,noisy,stealthy,90,57,1852,1424,0.0,1.0
Score 2,structural,aggressive,100,1,2058,2058,0.28328474246841595,0.716715257531584
Score 2,structural,aggressive,100,2,2058,2058,0.0,1.0
Score 2,structural,aggressive,100,3,2058,2058,0.0,1.0
Score 2,structural,aggressive,100,5,2058,2058,0.0,1.0
Score 2,structural,aggressive,100,10,2058,2058,0.0,1.0
Score 2,structural,aggressive,100,15,2058,2058,0.0,1.0
Score 2,structural,aggressive,100,20,2058,2058,0.0,1.0
Score 2,structural,aggressive,100,30,2058,2058,0.0,1.0
Score 2,structural,aggressive,100,40,2058,2058,0.0,1.0
Score 2,structural,aggressive,100,50,2058,2058,0.0,1.0
Score 2,structural,aggressive,100,57,2058,2058,0.0,1.0
Score 2,structural,stealthy,100,1,2058,1519,0.38841342988808425,0.6115865701119158
Score 2,structural,stealthy,100,2,2058,1519,0.003949967083607637,0.9960500329163924
Score 2,structural,stealthy,100,3,2058,1519,0.003949967083607637,0.9960500329163924
Score 2,structural,stealthy,100,5,2058,1519,0.0013166556945358788,0.9986833443054641
Score 2,structural,stealthy,100,10,2058,1519,0.03949967083607637,0.9605003291639236
Score 2,structural,stealthy,100,15,2058,1519,0.042791310072416065,0.9572086899275839
Score 2,structural,stealthy,100,20,2058,1519,0.041474654377880185,0.9585253456221198
Score 2,structural,stealthy,100,30,2058,1519,0.03686635944700461,0.9631336405529954
Score 2,structural,stealthy,100,40,2058,1519,0.007899934167215274,0.9921000658327848
Score 2,structural,stealthy,100,50,2058,1519,0.0026333113890717576,0.9973666886109283
Score 2,structural,stealthy,100,57,2058,1519,0.0,1.0
Score 2,noisy,aggressive,100,1,2058,2058,0.28328474246841595,0.716715257531584
Score 2,noisy,aggressive,100,2,2058,2058,0.0,1.0
Score 2,noisy,aggressive,100,3,2058,2058,0.0,1.0
Score 2,noisy,aggressive,100,5,2058,2058,0.0,1.0
Score 2,noisy,aggressive,100,10,2058,2058,0.0,1.0
Score 2,noisy,aggressive,100,15,2058,2058,0.0,1.0
Score 2,noisy,aggressive,100,20,2058,2058,0.0,1.0
Score 2,noisy,aggressive,100,30,2058,2058,0.0,1.0
Score 2,noisy,aggressive,100,40,2058,2058,0.0,1.0
Score 2,noisy,aggressive,100,50,2058,2058,0.0,1.0
Score 2,noisy,aggressive,100,57,2058,2058,0.0,1.0
Score 2,noisy,stealthy,100,1,2058,1519,0.38841342988808425,0.6115865701119158
Score 2,noisy,stealthy,100,2,2058,1519,0.003949967083607637,0.9960500329163924
Score 2,noisy,stealthy,100,3,2058,1519,0.003949967083607637,0.9960500329163924
Score 2,noisy,stealthy,100,5,2058,1519,0.0013166556945358788,0.9986833443054641
Score 2,noisy,stealthy,100,10,2058,1519,0.03949967083607637,0.9605003291639236
Score 2,noisy,stealthy,100,15,2058,1519,0.042791310072416065,0.9572086899275839
Score 2,noisy,stealthy,100,20,2058,1519,0.041474654377880185,0.9585253456221198
Score 2,noisy,stealthy,100,30,2058,1519,0.03686635944700461,0.9631336405529954
Score 2,noisy,stealthy,100,40,2058,1519,0.007899934167215274,0.9921000658327848
Score 2,noisy,stealthy,100,50,2058,1519,0.0026333113890717576,0.9973666886109283
Score 2,noisy,stealthy,100,57,2058,1519,0.0,1.0
